CABLE,SIGNAL,FROM DEVICE,FROM MAKE/MODEL,FROM SOCKET,TO DEVICE,TO MAKE/MODEL,TO SOCKET,CABLE TYPE,DRAWING NUMBER
001,12G-SDI,,,OG DA - 01,DIR,disguise GX3 - VFC _HDMI,SDI_IN  01,---,(blank)
002,12G-SDI,,,OG DA - 01,ACT-1,disguise GX3 - VFC _HDMI,SDI_IN  01,---,(blank)
003,12G-SDI,,,OG DA - 01,ACT-2,disguise GX3 - VFC _HDMI,SDI_IN  01,---,(blank)
004,12G-SDI,,,OG DA - 01,ACT-3,disguise GX3 - VFC _HDMI,SDI_IN  01,---,(blank)
005,12G-SDI,,,OG DA - 01,UND-1,disguise GX3 - VFC _HDMI,SDI_IN  01,---,(blank)
006,12G-SDI,,,OG DA - 01,UND-2,disguise GX3 - VFC _HDMI,SDI_IN  01,---,(blank)
007,12G-SDI,,,OG DA - 01,UND- 3,disguise GX3 - VFC _HDMI,SDI_IN  01,---,(blank)
008,12G-SDI,,,OG DA - 05,DIR,disguise GX3 - VFC _HDMI,SDI_IN  05,---,(blank)
009,12G-SDI,,,OG DA - 05,ACT-1,disguise GX3 - VFC _HDMI,SDI_IN  05,---,(blank)
010,12G-SDI,,,OG DA - 05,ACT-2,disguise GX3 - VFC _HDMI,SDI_IN  05,---,(blank)
011,12G-SDI,,,OG DA - 05,ACT-3,disguise GX3 - VFC _HDMI,SDI_IN  05,---,(blank)
012,12G-SDI,,,OG DA - 05,UND-1,disguise GX3 - VFC _HDMI,SDI_IN  05,---,(blank)
013,12G-SDI,,,OG DA - 05,UND-2,disguise GX3 - VFC _HDMI,SDI_IN  05,---,(blank)
014,12G-SDI,,,OG DA - 05,UND- 3,disguise GX3 - VFC _HDMI,SDI_IN  05,---,(blank)
015,12G-SDI,,,OG DA - 09,DIR,disguise GX3 - VFC _HDMI,SDI_IN  09,---,(blank)
016,12G-SDI,,,OG DA - 09,ACT-1,disguise GX3 - VFC _HDMI,SDI_IN  09,---,(blank)
017,12G-SDI,,,OG DA - 09,ACT-2,disguise GX3 - VFC _HDMI,SDI_IN  09,---,(blank)
018,12G-SDI,,,OG DA - 09,ACT-3,disguise GX3 - VFC _HDMI,SDI_IN  09,---,(blank)
019,12G-SDI,,,OG DA - 09,UND-1,disguise GX3 - VFC _HDMI,SDI_IN  09,---,(blank)
020,12G-SDI,,,OG DA - 09,UND-2,disguise GX3 - VFC _HDMI,SDI_IN  09,---,(blank)
021,12G-SDI,,,OG DA - 09,UND- 3,disguise GX3 - VFC _HDMI,SDI_IN  09,---,(blank)
022,12G-SDI,,,SDI RTR - 16,<GUI/SHOW MV>,Cobalt Digital 9971-MV6-4K,12G-SDI_IN 01,---,(blank)
023,12G-SDI,,,SDI RTR - 17,<GUI/SHOW MV>,Cobalt Digital 9971-MV6-4K,12G-SDI_IN 02,---,(blank)
024,12G-SDI,,,SDI RTR - 18,<GUI/SHOW MV>,Cobalt Digital 9971-MV6-4K,12G-SDI_IN 03,---,(blank)
025,12G-SDI,,,SDI RTR - 19,<GUI/SHOW MV>,Cobalt Digital 9971-MV6-4K,12G-SDI_IN 04,---,(blank)
026,12G-SDI,,,SDI RTR - 20,<GUI/SHOW MV>,Cobalt Digital 9971-MV6-4K,12G-SDI_IN 05,---,(blank)
027,12G-SDI,,,SDI RTR - 21,<GUI/SHOW MV>,Cobalt Digital 9971-MV6-4K,12G-SDI_IN 06,---,(blank)
028,12G-SDI,,,UCP_1 - PGM01(12G),<SDI MATRIX>,AJA KUMO 6464,HDV_IN 01,---,(blank)
029,12G-SDI,,,UCP_2 - ME1,<SDI MATRIX>,AJA KUMO 6464,HDV_IN 02,---,(blank)
030,12G-SDI,,,UCP_3 - AUX1,<SDI MATRIX>,AJA KUMO 6464,HDV_IN 03,---,(blank)
031,12G-SDI,,,UCP_4 - AUX2,<SDI MATRIX>,AJA KUMO 6464,HDV_IN 04,---,(blank)
032,12G-SDI,,,UCP_5 - AUX3(12G),<SDI MATRIX>,AJA KUMO 6464,HDV_IN 05,---,(blank)
033,12G-SDI,,,UCP_6 - AUX4,<SDI MATRIX>,AJA KUMO 6464,HDV_IN 06,---,(blank)
034,12G-SDI,,,UCP_7 - AUX5,<SDI MATRIX>,AJA KUMO 6464,HDV_IN 07,---,(blank)
035,12G-SDI,,,UCP_8 - AUX6,<SDI MATRIX>,AJA KUMO 6464,HDV_IN 08,---,(blank)
036,12G-SDI,,,UCP_9 - AUX7(12G),<SDI MATRIX>,AJA KUMO 6464,HDV_IN 09,---,(blank)
037,12G-SDI,4K MTX CONVERTER,AJA HA5-12G,3gSDI_OUT 01,<SDI MATRIX>,AJA KUMO 6464,HDV_IN 24,---,(blank)
038,12G-SDI,<DEVICE>,Sonifex AIO8R,12G-SDI 01,<SDI MATRIX>,AJA KUMO 6464,HDV_IN 10,---,(blank)
039,12G-SDI,<DEVICE>,Sonifex AIO8R,12G-SDI 02,<SDI MATRIX>,AJA KUMO 6464,HDV_IN 11,---,(blank)
040,12G-SDI,<DEVICE>,Sonifex AIO8R,12G-SDI 03,<SDI MATRIX>,AJA KUMO 6464,HDV_IN 12,---,(blank)
041,12G-SDI,<DEVICE>,Sonifex AIO8R,12G-SDI 04,<SDI MATRIX>,AJA KUMO 6464,HDV_IN 13,---,(blank)
042,12G-SDI,<DEVICE>,Sonifex AIO8R,12G-SDI_OUT 01,<SDI MATRIX>,AJA KUMO 6464,HDV_IN 18,---,(blank)
043,12G-SDI,<GUI/SHOW MV>,Cobalt Digital 9971-MV6-4K,12G-SDI_OUT 01,<SDI MATRIX>,AJA KUMO 6464,HDV_IN 19,---,(blank)
044,12G-SDI,<SDI MATRIX>,AJA KUMO 6464,HDV_OUT 01,,,OG DA - 01,---,(blank)
045,12G-SDI,<SDI MATRIX>,AJA KUMO 6464,HDV_OUT 05,,,OG DA - 05,---,(blank)
046,12G-SDI,<SDI MATRIX>,AJA KUMO 6464,HDV_OUT 09,,,OG DA - 09,---,(blank)
047,12G-SDI,<SDI MATRIX>,AJA KUMO 6464,HDV_OUT 10,<DEVICE>,Sonifex AIO8R,12G-SDI 01,---,(blank)
048,12G-SDI,<SDI MATRIX>,AJA KUMO 6464,HDV_OUT 11,<DEVICE>,Sonifex AIO8R,12G-SDI 02,---,(blank)
049,12G-SDI,<SDI MATRIX>,AJA KUMO 6464,HDV_OUT 12,<DEVICE>,Sonifex AIO8R,12G-SDI 03,---,(blank)
050,12G-SDI,<SDI MATRIX>,AJA KUMO 6464,HDV_OUT 13,<DEVICE>,Sonifex AIO8R,12G-SDI 04,---,(blank)
051,12G-SDI,<SDI MATRIX>,AJA KUMO 6464,HDV_OUT 14,,,COBALT MV 01,---,(blank)
052,12G-SDI,<SDI MATRIX>,AJA KUMO 6464,HDV_OUT 15,,,COBALT MV 02,---,(blank)
053,12G-SDI,<SDI MATRIX>,AJA KUMO 6464,HDV_OUT 16,,,COBALT MV 03,---,(blank)
054,12G-SDI,<SDI MATRIX>,AJA KUMO 6464,HDV_OUT 17,,,COBALT MV 04,---,(blank)
055,12G-SDI,<SDI MATRIX>,AJA KUMO 6464,HDV_OUT 18,,,COBALT MV 05,---,(blank)
056,12G-SDI,<SDI MATRIX>,AJA KUMO 6464,HDV_OUT 19,,,COBALT MV 06,---,(blank)
057,12G-SDI,<SDI MATRIX>,AJA KUMO 6464,HDV_OUT 20,<DEVICE>,Sonifex AIO8R,12G-SDI_IN 01,---,(blank)
058,12G-SDI,<SDI MATRIX>,AJA KUMO 6464,HDV_OUT 21,<DEVICE>,Sonifex AIO8R,12G-SDI_IN 02,---,(blank)
059,12G-SDI,<SDI MATRIX>,AJA KUMO 6464,HDV_OUT 22,<DEVICE>,Sonifex AIO8R,12G-SDI_IN 03,---,(blank)
060,12G-SDI,<SDI MATRIX>,AJA KUMO 6464,HDV_OUT 23,<DEVICE>,Sonifex AIO8R,12G-SDI_IN 04,---,(blank)
061,12G-SDI,<SDI MATRIX>,AJA KUMO 6464,HDV_OUT 24,<DEVICE>,Sonifex AIO8R,12G-SDI_IN 05,---,(blank)
062,12G-SDI,<SDI MATRIX>,AJA KUMO 6464,HDV_OUT 25,<DEVICE>,Sonifex AIO8R,12G-SDI_IN 06,---,(blank)
063,12G-SDI,<SDI MATRIX>,AJA KUMO 6464,HDV_OUT 26,<DEVICE>,Sonifex AIO8R,12G-SDI_IN 07,---,(blank)
064,12G-SDI,<SDI MATRIX>,AJA KUMO 6464,HDV_OUT 27,<DEVICE>,Sonifex AIO8R,12G-SDI_IN 08,---,(blank)
065,12G-SDI,<SDI MATRIX>,AJA KUMO 6464,HDV_OUT 28,<DEVICE>,Sonifex AIO8R,12G-SDI_IN 09,---,(blank)
066,12G-SDI,<SDI MATRIX>,AJA KUMO 6464,HDV_OUT 29,<DEVICE>,Sonifex AIO8R,12G-SDI_IN 10,---,(blank)
067,12G-SDI,<SDI MATRIX>,AJA KUMO 6464,HDV_OUT 30,<DEVICE>,Sonifex AIO8R,12G-SDI_IN 11,---,(blank)
068,12G-SDI,<SDI MATRIX>,AJA KUMO 6464,HDV_OUT 31,<DEVICE>,Sonifex AIO8R,12G-SDI_IN 12,---,(blank)
069,12G-SDI,<SDI MATRIX>,AJA KUMO 6464,HDV_OUT 32,<DEVICE>,Sonifex AIO8R,12G-SDI_IN 13,---,(blank)
070,12G-SDI,<SDI MATRIX>,AJA KUMO 6464,HDV_OUT 33,<DEVICE>,Sonifex AIO8R,12G-SDI_IN 14,---,(blank)
071,12G-SDI,<SDI MATRIX>,AJA KUMO 6464,HDV_OUT 34,<DEVICE>,Sonifex AIO8R,12G-SDI_IN 15,---,(blank)
072,12G-SDI,<SDI MATRIX>,AJA KUMO 6464,HDV_OUT 35,<DEVICE>,Sonifex AIO8R,12G-SDI_IN 16,---,(blank)
073,12G-SDI,<SDI MATRIX>,AJA KUMO 6464,HDV_OUT 36,<DEVICE>,Sonifex AIO8R,12G-SDI_IN 17,---,(blank)
074,12G-SDI,<SDI MATRIX>,AJA KUMO 6464,HDV_OUT 37,<DEVICE>,Sonifex AIO8R,12G-SDI_IN 18,---,(blank)
075,12G-SDI,<SDI MATRIX>,AJA KUMO 6464,HDV_OUT 62,,,UCP MON 1,---,(blank)
076,12G-SDI,<SDI MATRIX>,AJA KUMO 6464,HDV_OUT 63,,,UCP MON 2,---,(blank)
077,12G-SDI,<SDI MATRIX>,AJA KUMO 6464,HDV_OUT 64,,,RACK MON 01_RACK MON,---,(blank)
078,12G-SDI,UDC-4K,AJA UDC-4K,SDI 1 OUT  01,<SDI MATRIX>,AJA KUMO 6464,HDV_IN 20,---,(blank)
079,12G-SDI,UDC-4K,AJA UDC-4K,SDI 1 OUT  01,<SDI MATRIX>,AJA KUMO 6464,HDV_IN 21,---,(blank)
080,12G-SDI,UDC-4K,AJA UDC-4K,SDI 1 OUT  01,<SDI MATRIX>,AJA KUMO 6464,HDV_IN 22,---,(blank)
081,3GV,,,OG DA - 02,DIR,disguise GX3 - VFC _HDMI,SDI_IN  02,---,(blank)
082,3GV,,,OG DA - 02,ACT-1,disguise GX3 - VFC _HDMI,SDI_IN  02,---,(blank)
083,3GV,,,OG DA - 02,ACT-2,disguise GX3 - VFC _HDMI,SDI_IN  02,---,(blank)
084,3GV,,,OG DA - 02,ACT-3,disguise GX3 - VFC _HDMI,SDI_IN  02,---,(blank)
085,3GV,,,OG DA - 02,UND-1,disguise GX3 - VFC _HDMI,SDI_IN  02,---,(blank)
086,3GV,,,OG DA - 02,UND-2,disguise GX3 - VFC _HDMI,SDI_IN  02,---,(blank)
087,3GV,,,OG DA - 02,UND- 3,disguise GX3 - VFC _HDMI,SDI_IN  02,---,(blank)
088,3GV,,,OG DA - 03,DIR,disguise GX3 - VFC _HDMI,SDI_IN  03,---,(blank)
089,3GV,,,OG DA - 03,ACT-1,disguise GX3 - VFC _HDMI,SDI_IN  03,---,(blank)
090,3GV,,,OG DA - 03,ACT-2,disguise GX3 - VFC _HDMI,SDI_IN  03,---,(blank)
091,3GV,,,OG DA - 03,ACT-3,disguise GX3 - VFC _HDMI,SDI_IN  03,---,(blank)
092,3GV,,,OG DA - 03,UND-1,disguise GX3 - VFC _HDMI,SDI_IN  03,---,(blank)
093,3GV,,,OG DA - 03,UND-2,disguise GX3 - VFC _HDMI,SDI_IN  03,---,(blank)
094,3GV,,,OG DA - 03,UND- 3,disguise GX3 - VFC _HDMI,SDI_IN  03,---,(blank)
095,3GV,,,OG DA - 04,DIR,disguise GX3 - VFC _HDMI,SDI_IN  04,---,(blank)
096,3GV,,,OG DA - 04,ACT-1,disguise GX3 - VFC _HDMI,SDI_IN  04,---,(blank)
097,3GV,,,OG DA - 04,ACT-2,disguise GX3 - VFC _HDMI,SDI_IN  04,---,(blank)
098,3GV,,,OG DA - 04,ACT-3,disguise GX3 - VFC _HDMI,SDI_IN  04,---,(blank)
099,3GV,,,OG DA - 04,UND-1,disguise GX3 - VFC _HDMI,SDI_IN  04,---,(blank)
100,3GV,,,OG DA - 04,UND-2,disguise GX3 - VFC _HDMI,SDI_IN  04,---,(blank)
101,3GV,,,OG DA - 04,UND- 3,disguise GX3 - VFC _HDMI,SDI_IN  04,---,(blank)
102,3GV,,,OG DA - 06,DIR,disguise GX3 - VFC _HDMI,SDI_IN  06,---,(blank)
103,3GV,,,OG DA - 06,ACT-1,disguise GX3 - VFC _HDMI,SDI_IN  06,---,(blank)
104,3GV,,,OG DA - 06,ACT-2,disguise GX3 - VFC _HDMI,SDI_IN  06,---,(blank)
105,3GV,,,OG DA - 06,ACT-3,disguise GX3 - VFC _HDMI,SDI_IN  06,---,(blank)
106,3GV,,,OG DA - 06,UND-1,disguise GX3 - VFC _HDMI,SDI_IN  06,---,(blank)
107,3GV,,,OG DA - 06,UND-2,disguise GX3 - VFC _HDMI,SDI_IN  06,---,(blank)
108,3GV,,,OG DA - 06,UND- 3,disguise GX3 - VFC _HDMI,SDI_IN  06,---,(blank)
109,3GV,,,OG DA - 07,DIR,disguise GX3 - VFC _HDMI,SDI_IN  07,---,(blank)
110,3GV,,,OG DA - 07,ACT-1,disguise GX3 - VFC _HDMI,SDI_IN  07,---,(blank)
111,3GV,,,OG DA - 07,ACT-2,disguise GX3 - VFC _HDMI,SDI_IN  07,---,(blank)
112,3GV,,,OG DA - 07,ACT-3,disguise GX3 - VFC _HDMI,SDI_IN  07,---,(blank)
113,3GV,,,OG DA - 07,UND-1,disguise GX3 - VFC _HDMI,SDI_IN  07,---,(blank)
114,3GV,,,OG DA - 07,UND-2,disguise GX3 - VFC _HDMI,SDI_IN  07,---,(blank)
115,3GV,,,OG DA - 07,UND- 3,disguise GX3 - VFC _HDMI,SDI_IN  07,---,(blank)
116,3GV,,,OG DA - 08,DIR,disguise GX3 - VFC _HDMI,SDI_IN  08,---,(blank)
117,3GV,,,OG DA - 08,ACT-1,disguise GX3 - VFC _HDMI,SDI_IN  08,---,(blank)
118,3GV,,,OG DA - 08,ACT-2,disguise GX3 - VFC _HDMI,SDI_IN  08,---,(blank)
119,3GV,,,OG DA - 08,ACT-3,disguise GX3 - VFC _HDMI,SDI_IN  08,---,(blank)
120,3GV,,,OG DA - 08,UND-1,disguise GX3 - VFC _HDMI,SDI_IN  08,---,(blank)
121,3GV,,,OG DA - 08,UND-2,disguise GX3 - VFC _HDMI,SDI_IN  08,---,(blank)
122,3GV,,,OG DA - 08,UND- 3,disguise GX3 - VFC _HDMI,SDI_IN  08,---,(blank)
123,3GV,<DEMUX>,Barco Imagepro HD,SDI_OUT 01,<SDI MATRIX>,AJA KUMO 6464,HDV_IN 14,---,(blank)
124,3GV,<DEMUX>,Barco Imagepro HD,SDI_OUT 02,<SDI MATRIX>,AJA KUMO 6464,HDV_IN 15,---,(blank)
125,3GV,<DEMUX>,Barco Imagepro HD,SDI_OUT 03,<SDI MATRIX>,AJA KUMO 6464,HDV_IN 16,---,(blank)
126,3GV,<DEMUX>,Barco Imagepro HD,SDI_OUT 04,<SDI MATRIX>,AJA KUMO 6464,HDV_IN 17,---,(blank)
127,3GV,<SDI MATRIX>,AJA KUMO 6464,HDV_OUT 02,,,OG DA - 02,---,(blank)
128,3GV,<SDI MATRIX>,AJA KUMO 6464,HDV_OUT 03,,,OG DA - 03,---,(blank)
129,3GV,<SDI MATRIX>,AJA KUMO 6464,HDV_OUT 04,,,OG DA - 04,---,(blank)
130,3GV,<SDI MATRIX>,AJA KUMO 6464,HDV_OUT 06,,,OG DA - 06,---,(blank)
131,3GV,<SDI MATRIX>,AJA KUMO 6464,HDV_OUT 07,,,OG DA - 07,---,(blank)
132,3GV,<SDI MATRIX>,AJA KUMO 6464,HDV_OUT 08,,,OG DA - 08,---,(blank)
133,???,,,UCP XLR IN,<ANALOG TC IN>,Brainstorm SR-112,TC_IN,---,(blank)
134,DP,ACT-1,disguise GX3 - VFC _HDMI,GUI_DP,<ACT_1 - KVM>,Adder ALIF4000T,DP_IN 01,---,(blank)
135,DP,ACT-2,disguise GX3 - VFC _HDMI,GUI_DP,<ACT_2- KVM>,Adder ALIF4000T,DP_IN 01,---,(blank)
136,DP,ACT-3,disguise GX3 - VFC _HDMI,GUI_DP,<ACT_3 - KVM>,Adder ALIF4000T,DP_IN 01,---,(blank)
137,DP,DIR,disguise GX3 - VFC _HDMI,GUI_DP,UDC-4K,AJA UDC-4K,HDMI2.0_IN,---,(blank)
138,DP,UDC-4K,AJA UDC-4K,HDMI2.0_OUT,<UND_3- KVM>,Adder ALIF4000T,DP_IN 01,---,(blank)
139,DP,UDC-4K,AJA UDC-4K,HDMI2.0_OUT,<UND_2- KVM>,Adder ALIF4000T,DP_IN 01,---,(blank)
140,DP,UDC-4K,AJA UDC-4K,HDMI2.0_OUT,<ACT_3 - KVM>,Adder ALIF4000T,DP_IN 01,---,(blank)
141,DP,UDC-4K,AJA UDC-4K,HDMI2.0_OUT,<DIR KVM>,Adder ALIF4000T,DP_IN 01,---,(blank)
142,DP,UND- 3,disguise GX3 - VFC _HDMI,GUI_DP,UDC-4K,AJA UDC-4K,HDMI2.0_IN,---,(blank)
143,DP,UND-1,disguise GX3 - VFC _HDMI,GUI_DP,UDC-4K,AJA UDC-4K,HDMI2.0_IN,---,(blank)
144,DP,UND-2,disguise GX3 - VFC _HDMI,GUI_DP,UDC-4K,AJA UDC-4K,HDMI2.0_IN,---,(blank)
145,HDMI,<HDMI MATRIX>,Lightware MX233X33,HDMI_OUT 09,MV - 1,Avitech Sequoia4k60,HDMI_IN 01,---,(blank)
146,HDMI,<HDMI MATRIX>,Lightware MX233X33,HDMI_OUT 10,MV - 1,Avitech Sequoia4k60,HDMI_IN 02,---,(blank)
147,HDMI,<HDMI MATRIX>,Lightware MX233X33,HDMI_OUT 11,MV - 1,Avitech Sequoia4k60,HDMI_IN 03,---,(blank)
148,HDMI,<HDMI MATRIX>,Lightware MX233X33,HDMI_OUT 12,MV - 1,Avitech Sequoia4k60,HDMI_IN 04,---,(blank)
149,HDMI,<HDMI MATRIX>,Lightware MX233X33,HDMI_OUT 13,MV - 2,Avitech Sequoia4k60,HDMI_IN 01,---,(blank)
150,HDMI,<HDMI MATRIX>,Lightware MX233X33,HDMI_OUT 14,MV - 2,Avitech Sequoia4k60,HDMI_IN 02,---,(blank)
151,HDMI,<HDMI MATRIX>,Lightware MX233X33,HDMI_OUT 15,MV - 2,Avitech Sequoia4k60,HDMI_IN 03,---,(blank)
152,HDMI,<HDMI MATRIX>,Lightware MX233X33,HDMI_OUT 16,MV - 2,Avitech Sequoia4k60,HDMI_IN 04,---,(blank)
153,HDMI,<HDMI MATRIX>,Lightware MX233X33,HDMI_OUT 17,MV - 3,Avitech Sequoia4k60,HDMI_IN 01,---,(blank)
154,HDMI,<HDMI MATRIX>,Lightware MX233X33,HDMI_OUT 18,MV - 3,Avitech Sequoia4k60,HDMI_IN 02,---,(blank)
155,HDMI,<HDMI MATRIX>,Lightware MX233X33,HDMI_OUT 19,MV - 3,Avitech Sequoia4k60,HDMI_IN 03,---,(blank)
156,HDMI,<HDMI MATRIX>,Lightware MX233X33,HDMI_OUT 20,MV - 3,Avitech Sequoia4k60,HDMI_IN 04,---,(blank)
157,HDMI,<HDMI MATRIX>,Lightware MX233X33,HDMI_OUT 21,MV - 4,Avitech Sequoia4k60,HDMI_IN 01,---,(blank)
158,HDMI,<HDMI MATRIX>,Lightware MX233X33,HDMI_OUT 22,MV - 4,Avitech Sequoia4k60,HDMI_IN 02,---,(blank)
159,HDMI,<HDMI MATRIX>,Lightware MX233X33,HDMI_OUT 23,MV - 4,Avitech Sequoia4k60,HDMI_IN 03,---,(blank)
160,HDMI,<HDMI MATRIX>,Lightware MX233X33,HDMI_OUT 24,MV - 4,Avitech Sequoia4k60,HDMI_IN 04,---,(blank)
161,HDMI,<HDMI MATRIX>,Lightware MX233X33,HDMI_OUT 31,4K MTX CONVERTER,AJA HA5-12G,HDMI_IN,---,(blank)
162,HDMI,ACT-1,disguise GX3 - VFC _HDMI,HDMI_OUT  01,<HDMI MATRIX>,Lightware MX233X33,HDMI_IN 01,---,(blank)
163,HDMI,ACT-1,disguise GX3 - VFC _HDMI,HDMI_OUT  02,<HDMI MATRIX>,Lightware MX233X33,HDMI_IN 02,---,(blank)
164,HDMI,ACT-1,disguise GX3 - VFC _HDMI,HDMI_OUT  03,<HDMI MATRIX>,Lightware MX233X33,HDMI_IN 03,---,(blank)
165,HDMI,ACT-2,disguise GX3 - VFC _HDMI,HDMI_OUT  01,<HDMI MATRIX>,Lightware MX233X33,HDMI_IN 04,---,(blank)
166,HDMI,ACT-2,disguise GX3 - VFC _HDMI,HDMI_OUT  02,<HDMI MATRIX>,Lightware MX233X33,HDMI_IN 05,---,(blank)
167,HDMI,ACT-2,disguise GX3 - VFC _HDMI,HDMI_OUT  03,<HDMI MATRIX>,Lightware MX233X33,HDMI_IN 06,---,(blank)
168,HDMI,ACT-3,disguise GX3 - VFC _HDMI,HDMI_OUT  01,<HDMI MATRIX>,Lightware MX233X33,HDMI_IN 07,---,(blank)
169,HDMI,ACT-3,disguise GX3 - VFC _HDMI,HDMI_OUT  02,<HDMI MATRIX>,Lightware MX233X33,HDMI_IN 08,---,(blank)
170,HDMI,ACT-3,disguise GX3 - VFC _HDMI,HDMI_OUT  03,<HDMI MATRIX>,Lightware MX233X33,HDMI_IN 09,---,(blank)
171,HDMI,MV - 1,Avitech Sequoia4k60,HDMI_OUT 01,MV - 5,Avitech Sequoia4k60,HDMI_IN 01,---,(blank)
172,HDMI,MV - 2,Avitech Sequoia4k60,HDMI_OUT 01,MV - 5,Avitech Sequoia4k60,HDMI_IN 02,---,(blank)
173,HDMI,MV - 3,Avitech Sequoia4k60,HDMI_OUT 01,MV - 5,Avitech Sequoia4k60,HDMI_IN 03,---,(blank)
174,HDMI,MV - 4,Avitech Sequoia4k60,HDMI_OUT 01,MV - 5,Avitech Sequoia4k60,HDMI_IN 04,---,(blank)
175,HDMI,MV - 5,Avitech Sequoia4k60,HDMI_OUT 01,<HDMI MATRIX>,Lightware MX233X33,HDMI_IN 19,---,(blank)
176,HDMI,UND- 3,disguise GX3 - VFC _HDMI,HDMI_OUT  01,<HDMI MATRIX>,Lightware MX233X33,HDMI_IN 16,---,(blank)
177,HDMI,UND- 3,disguise GX3 - VFC _HDMI,HDMI_OUT  02,<HDMI MATRIX>,Lightware MX233X33,HDMI_IN 17,---,(blank)
178,HDMI,UND- 3,disguise GX3 - VFC _HDMI,HDMI_OUT  03,<HDMI MATRIX>,Lightware MX233X33,HDMI_IN 18,---,(blank)
179,HDMI,UND-1,disguise GX3 - VFC _HDMI,HDMI_OUT  01,<HDMI MATRIX>,Lightware MX233X33,HDMI_IN 10,---,(blank)
180,HDMI,UND-1,disguise GX3 - VFC _HDMI,HDMI_OUT  02,<HDMI MATRIX>,Lightware MX233X33,HDMI_IN 11,---,(blank)
181,HDMI,UND-1,disguise GX3 - VFC _HDMI,HDMI_OUT  03,<HDMI MATRIX>,Lightware MX233X33,HDMI_IN 12,---,(blank)
182,HDMI,UND-2,disguise GX3 - VFC _HDMI,HDMI_OUT  01,<HDMI MATRIX>,Lightware MX233X33,HDMI_IN 13,---,(blank)
183,HDMI,UND-2,disguise GX3 - VFC _HDMI,HDMI_OUT  02,<HDMI MATRIX>,Lightware MX233X33,HDMI_IN 14,---,(blank)
184,HDMI,UND-2,disguise GX3 - VFC _HDMI,HDMI_OUT  03,<HDMI MATRIX>,Lightware MX233X33,HDMI_IN 15,---,(blank)
185,HDMI2.0,<GUI/SHOW MV>,Cobalt Digital 9971-MV6-4K,HDMI2.0_OUT,<HDMI MATRIX>,Lightware MX233X33,HDMI_IN 20,---,(blank)
186,HDMI2.0,<HDMI MATRIX>,Lightware MX233X33,HDMI_OUT 01,SR DS FACE,Brompton Tessera SX40,HDMI IN,---,(blank)
187,HDMI2.0,<HDMI MATRIX>,Lightware MX233X33,HDMI_OUT 02,SR RETURNS,Brompton Tessera SX40,HDMI IN,---,(blank)
188,HDMI2.0,<HDMI MATRIX>,Lightware MX233X33,HDMI_OUT 03,SL DS FACE,Brompton Tessera SX40,HDMI IN,---,(blank)
189,HDMI2.0,<HDMI MATRIX>,Lightware MX233X33,HDMI_OUT 04,SL RETURNS,Brompton Tessera SX40,HDMI IN,---,(blank)
190,HDMI2.0,<HDMI MATRIX>,Lightware MX233X33,HDMI_OUT 05,SPARE,Brompton Tessera SX40,HDMI IN,---,(blank)
191,HDMI2.0,<HDMI MATRIX>,Lightware MX233X33,HDMI_OUT 06,US,Brompton Tessera SX40,HDMI IN,---,(blank)
192,HDMI2.0,<HDMI MATRIX>,Lightware MX233X33,HDMI_OUT 07,SR,Brompton Tessera SX40,HDMI IN,---,(blank)
193,HDMI2.0,<HDMI MATRIX>,Lightware MX233X33,HDMI_OUT 08,SL,Brompton Tessera SX40,HDMI IN,---,(blank)
194,HDMI2.0,<HDMI MATRIX>,Lightware MX233X33,HDMI_OUT 25,<GUI/SHOW MV>,Cobalt Digital 9971-MV6-4K,HDMI2.0_IN 01,---,(blank)
195,HDMI2.0,<HDMI MATRIX>,Lightware MX233X33,HDMI_OUT 26,<GUI/SHOW MV>,Cobalt Digital 9971-MV6-4K,HDMI2.0_IN 02,---,(blank)
196,HDMI2.0,<HDMI MATRIX>,Lightware MX233X33,HDMI_OUT 27,<GUI/SHOW MV>,Cobalt Digital 9971-MV6-4K,HDMI2.0_IN 03,---,(blank)
197,HDMI2.0,<HDMI MATRIX>,Lightware MX233X33,HDMI_OUT 28,<GUI/SHOW MV>,Cobalt Digital 9971-MV6-4K,HDMI2.0_IN 04,---,(blank)
198,HDMI2.0,<HDMI MATRIX>,Lightware MX233X33,HDMI_OUT 29,<DEMUX>,Barco Imagepro HD,HDMI2.0_IN,---,(blank)
199,HDMI2.0,<HDMI MATRIX>,Lightware MX233X33,HDMI_OUT 30,<RACK SCALER>,Barco Imagepro HD,HDMI2.0_IN,---,(blank)
200,HDMI2.0,<HDMI MATRIX>,Lightware MX233X33,HDMI_OUT 32,,,RACK MON 1,---,(blank)
201,HDMI2.0,MV - 5,Avitech Sequoia4k60,HDMI_OUT 02,,,RACK UCP_1 - MON ONTOP OF RACK,---,(blank)
202,MIC,<DANTE TC IN>,Brainstorm SR-112,LINE_OUT 01,DIR,disguise GX3 - VFC _HDMI,LINE_IN 02,---,(blank)
203,MIC,<DANTE TC IN>,Brainstorm SR-112,LINE_OUT 02,ACT-1,disguise GX3 - VFC _HDMI,LINE_IN 02,---,(blank)
204,MIC,<DANTE TC IN>,Brainstorm SR-112,LINE_OUT 03,ACT-2,disguise GX3 - VFC _HDMI,LINE_IN 02,---,(blank)
205,MIC,<DANTE TC IN>,Brainstorm SR-112,LINE_OUT 04,ACT-3,disguise GX3 - VFC _HDMI,LINE_IN 02,---,(blank)
206,MIC,<DANTE TC IN>,Brainstorm SR-112,LINE_OUT 05,UND-1,disguise GX3 - VFC _HDMI,LINE_IN 02,---,(blank)
207,MIC,<DANTE TC IN>,Brainstorm SR-112,LINE_OUT 06,UND-2,disguise GX3 - VFC _HDMI,LINE_IN 02,---,(blank)
208,MIC,<DANTE TC IN>,Brainstorm SR-112,LINE_OUT 07,UND- 3,disguise GX3 - VFC _HDMI,LINE_IN 02,---,(blank)
209,MIC,DANTE TC IN,Glensound TR12D,OUT 01,<DANTE TC IN>,Brainstorm SR-112,TC_IN,---,(blank)
210,MIC/LINE,<ANALOG TC IN>,Brainstorm SR-112,LINE_OUT 01,DIR,disguise GX3 - VFC _HDMI,LINE_IN 01,---,(blank)
211,MIC/LINE,<ANALOG TC IN>,Brainstorm SR-112,LINE_OUT 02,ACT-1,disguise GX3 - VFC _HDMI,LINE_IN 01,---,(blank)
212,MIC/LINE,<ANALOG TC IN>,Brainstorm SR-112,LINE_OUT 03,ACT-2,disguise GX3 - VFC _HDMI,LINE_IN 01,---,(blank)
213,MIC/LINE,<ANALOG TC IN>,Brainstorm SR-112,LINE_OUT 04,ACT-3,disguise GX3 - VFC _HDMI,LINE_IN 01,---,(blank)
214,MIC/LINE,<ANALOG TC IN>,Brainstorm SR-112,LINE_OUT 05,UND-1,disguise GX3 - VFC _HDMI,LINE_IN 01,---,(blank)
215,MIC/LINE,<ANALOG TC IN>,Brainstorm SR-112,LINE_OUT 06,UND-2,disguise GX3 - VFC _HDMI,LINE_IN 01,---,(blank)
216,MIC/LINE,<ANALOG TC IN>,Brainstorm SR-112,LINE_OUT 07,UND- 3,disguise GX3 - VFC _HDMI,LINE_IN 01,---,(blank)
217,SFP,12G TX/RX_1,Ross Video SFC-6901,SFP 02,<DEVICE>,Sonifex AIO8R,SFP 02,---,(blank)
218,SFP,12G TX/RX_1,Ross Video SFC-6901,SFP 02,<DEVICE>,Sonifex AIO8R,SFP 02,---,(blank)
219,SFP,<DEVICE>,Sonifex AIO8R,SFP 01,12G TX/RX_1,Ross Video SFC-6901,SFP 01,---,(blank)
220,SFP,<DEVICE>,Sonifex AIO8R,SFP 01,12G TX/RX_1,Ross Video SFC-6901,SFP 01,---,(blank)
